מספר זוגות שהתגרשו לפי מקום מגורים של הזוג,,,,,,,,,,,
מקום מגורים של הזוג,2005,2006,2007,2008,2009,2010,2011,2012,2013,2014,2015
אבו ג'ווייעד (שבט),,,,,,1,,,,,
אבו גוש,,,,,,,,,,1,
אבו עמרה (שבט),1,,,,,,,,,,
אבטליון,2,1,,,2,1,1,,2,,1
אביאל,1,,2,,,1,1,,1,,
אביבים,,,2,,1,,,,,,1
אביגדור,1,,3,3,4,1,2,2,1,,3
אביחיל,2,5,,6,2,3,2,3,1,2,5
אביטל,,,2,,1,1,1,2,3,2,6
אביעזר,,,1,1,1,,2,,2,1,2
אבירים,,,1,,,1,,,1,,
אבן יהודה,14,21,28,31,30,40,21,23,33,21,32
אבן מנחם,,1,1,5,,5,,1,,1,
אבן ספיר,,,2,1,1,,5,4,1,2,1
אבן שמואל,1,,,1,,,,,,1,5
אבני איתן,,,1,,,1,,,1,,1
אבני חפץ,1,2,1,1,6,5,2,6,3,3,5
אבשלום,,,,,1,,,,,,
אדורה,,,1,1,,1,,,,,
אדירים,1,,1,1,,2,,,,,
אדמית,,,1,,,,1,,1,1,
אדרת,1,,,3,2,2,7,1,3,2,
אודים,,,3,7,3,1,7,3,1,2,4
אודם,,,,1,,,1,,,,
אוהד,,,,1,2,,1,,1,1,
אומן,,,3,,1,1,,2,4,2,2
אומץ,,1,,,,,1,1,4,,3
אופקים,62,55,62,48,60,54,47,60,33,50,48
אור הגנוז,,,,,,,,,,2,
אור הנר,1,1,,1,1,1,,1,4,2,2
אור יהודה,67,87,74,82,104,100,67,101,82,90,74
אור עקיבא,21,33,39,43,35,39,36,38,64,45,37
אורה,3,3,2,7,1,4,5,1,6,3,1
אורות,1,2,1,1,1,2,,1,1,1,
אורטל,,,,,,,1,2,,2,1
אורים,,,,,,,,,1,1,
אורנים,,,,2,,3,,,1,,
אורנית,11,10,25,24,19,15,15,16,21,10,19
אושה,,,,1,,1,2,,,,
אזור,18,39,35,23,28,29,33,28,36,29,28
אחווה,1,1,,,,1,,,1,,
אחוזם,1,1,3,,,3,,2,3,2,2
אחוזת ברק,,4,2,,6,,4,1,,5,2
אחיהוד,1,,,6,1,2,1,2,,,2
אחיטוב,1,,1,3,,1,6,3,1,5,1
אחיסמך,1,1,4,2,5,2,2,,2,,4
אחיעזר,3,2,5,4,4,1,4,5,8,3,6
איבים,,,,1,,,,,,,2
אייל,,,,5,,1,,2,,,1
איילת השחר,,3,2,4,5,6,8,2,2,2,1
אילון,1,1,,3,4,1,1,1,2,4,1
אילות,,,1,2,,,2,1,1,2,1
אילניה,,,1,1,1,,2,1,1,2,1
אילת,128,132,115,116,140,143,110,130,120,117,134
איתמר,,3,,,4,2,1,3,2,,2
איתן,,,,,1,1,1,,,,2
איתנים,,,1,,,,,,,,
אלומה,1,,1,6,1,,1,1,1,1,
אלומות,,,,1,,,1,,,1,
אלון הגליל,,2,1,2,,,,1,1,1,4
אלון מורה,,,2,1,2,,,1,1,2,
אלון שבות,4,3,4,1,7,2,8,3,2,3,8
אלוני אבא,,,,1,,1,1,2,2,,4
אלוני הבשן,,,,,,,,,,1,1
אלוני יצחק,,,,,1,,1,,,,
אלונים,,,,2,1,,,,,1,
אליכין,4,7,6,6,3,3,5,7,7,8,5
אלי-עד,,,1,,,,,2,1,2,1
אליפז,,,,1,,,,1,,,
אליפלט,,1,1,2,,1,1,3,2,,3
אליקים,,,2,,3,2,2,1,10,3,2
אלישיב,,,1,,2,,1,2,,1,2
אלישמע,,3,5,,6,5,8,4,2,,1
אלמגור,,,,,1,,,,2,,
אלמוג,,,,2,1,,,1,1,,2
אלעד,25,41,50,64,44,71,56,70,55,67,73
אלעזר,2,2,,,,4,,5,1,3,3
אלפי מנשה,4,12,30,26,19,25,17,17,26,15,23
אלקוש,,1,,3,1,1,,1,1,,2
אלקנה,5,4,9,2,3,1,2,3,6,6,3
אל-רום,,1,,1,,,1,,,2,1
אמונים,,1,5,3,,1,3,2,4,1,1
אמירים,,,5,1,3,,,1,2,2,1
אמנון,,,,2,,1,,,2,1,1
אמציה,,,1,1,,,,,,,
אניעם,,,,,2,2,1,5,3,2,
אספר,,1,,,,,1,2,,,1
אפיק,,,,1,,,1,1,,,
אפיקים,,,,2,2,1,,,1,,2
אפק,,,,,,,1,,1,,1
אפרתה,7,8,6,8,13,4,21,16,12,20,14
ארבל,,1,1,,2,1,2,2,2,,
ארגמן,,,,,,,1,,,,1
ארז,,,2,,,,1,,,,1
אריאל,34,49,42,34,49,32,24,29,22,27,37
ארסוף,,,,,,3,,,,,1
אשבול,,1,1,2,1,,1,,1,,1
אשדוד,274,393,412,479,395,434,419,372,372,390,373
אשדות יעקב  (איחוד),,,,,,1,,,,2,3
אשדות יעקב  (מאוחד),,,,,,1,,1,,1,
אשחר,,,,,1,,1,1,1,2,2
אשכולות,,,3,1,,,,,,1,1
אשל הנשיא,,,,,,,1,,,,
אשלים,,,,,,,1,,2,,
אשקלון,163,226,248,243,211,232,214,210,262,229,273
אשרת,,,,,,2,1,2,,,1
אשתאול,1,1,1,3,2,2,1,1,1,1,2
באר אורה,,,,,1,,1,,,2,
באר טוביה,1,4,,1,1,2,1,1,,2,1
באר יעקב,14,17,14,18,31,25,29,38,34,34,37
באר שבע,325,402,408,424,440,433,412,404,427,386,383
בארות יצחק,,1,,,1,,1,1,,,1
בארותיים,,,1,,,2,3,1,4,3,1
בארי,,,3,2,,2,2,1,,1,
בוסתן הגליל,,2,1,1,,,1,1,1,3,2
בורגתה,1,1,,1,1,1,1,2,1,4,5
בחן,,,1,,2,,2,3,1,1,
בטחה,,1,,1,1,1,,1,1,1,1
ביצרון,,,2,2,,4,,2,3,3,1
ביריה,,2,3,3,3,2,5,2,2,4,3
בית אורן,,3,,2,,2,,2,,2,1
בית אל,8,3,5,7,3,3,6,17,10,2,7
בית אלעזרי,1,1,2,4,4,2,1,2,5,2,9
בית אלפא,,,,1,,1,,2,3,2,
בית אריה,8,4,12,6,,13,3,9,11,10,13
בית ברל,,,,,1,,,,,1,
בית גוברין,,1,,,,2,,1,,,1
בית גמליאל,,1,1,1,,2,,1,1,,1
בית דגן,8,15,14,19,15,26,15,21,14,21,16
בית הגדי,,1,1,2,1,3,2,1,1,1,1
בית הלוי,1,,5,3,2,,4,,1,1,
בית הלל,,1,1,,,2,2,1,2,3,3
בית העמק,,,1,2,1,1,,,,1,1
בית הערבה,,,,,1,,,,,,1
בית השיטה,,,,,1,5,9,1,2,6,1
בית זיד,,,,,,,1,,,,
בית זית,2,8,4,4,3,,4,2,1,6,3
בית זרע,,,,,4,1,2,,1,,2
בית חורון,,,2,1,3,2,2,1,1,3,3
בית חירות,,1,,,,,2,2,,1,2
בית חלקיה,2,1,1,,,,1,,2,,
בית חנן,,,1,1,2,,1,1,2,3,1
בית חנניה,1,1,,,,1,1,1,1,1,
בית חשמונאי,2,2,2,3,1,6,2,2,5,4,7
בית יהושע,,3,2,2,4,1,1,2,,2,
בית יוסף,,,,,2,1,,1,,,1
בית ינאי,,,,1,1,3,1,,2,2,
בית יצחק-שער חפר,,1,2,4,3,8,6,2,2,4,6
בית לחם הגלילית,,2,1,1,,1,2,4,2,,1
בית מאיר,,1,,,2,,4,1,6,1,
בית נחמיה,3,,3,2,3,1,4,1,4,3,5
בית ניר,,,1,,,,1,1,1,1,
בית נקופה,1,5,3,1,,2,2,5,1,,4
בית עובד,3,,1,,,,,,2,,1
בית עוזיאל,,,1,2,2,3,1,1,2,1,3
בית עזרא,1,1,2,3,4,,4,1,,3,3
בית עריף,5,4,2,4,4,4,1,1,7,3,3
בית קמה,,,,,2,,,2,1,,1
בית קשת,,1,1,,1,1,1,,2,,
בית רבן,,,,,1,,,,2,,
בית רימון,,,1,1,,,,,,1,1
בית שאן,27,36,39,36,49,51,49,48,46,48,45
בית שמש,76,105,121,120,108,99,147,125,144,122,123
בית שערים,,,2,2,1,1,,,4,1,
בית שקמה,1,,1,6,2,2,,4,3,1,
ביתן אהרן,,,,,,,,2,2,,
ביתר עילית,18,20,21,26,38,38,56,51,51,60,49
בלפוריה,4,1,2,,1,3,,,,1,
בן זכאי,1,1,1,2,,2,1,3,4,2,3
בן עמי,1,1,1,4,5,4,,1,4,1,2
בן שמן (כפר נוער),,,1,,,,,1,,,
בן שמן (מושב),,,3,,,3,5,,2,5,4
בני ברק,137,173,236,213,235,242,227,226,241,215,189
בני דרום,1,,,,,,,,,,
בני דרור,1,2,1,1,3,2,3,2,1,1,2
בני יהודה,1,,2,5,3,7,3,5,3,3,4
בני עטרות,,1,4,3,2,,5,2,2,1,3
"בני עי""ש",1,2,1,9,9,12,12,7,11,14,13
בני ציון,1,1,2,,4,3,2,2,5,4,1
בני ראם,,1,1,2,1,1,3,2,1,,1
בניה,,,4,1,,3,1,1,2,2,4
בנימינה-גבעת עדה,2,1,6,2,3,7,32,22,23,26,32
בצרה,1,,4,3,2,2,3,2,2,2,
בצת,,,1,,,,,1,1,,1
בקוע,,4,1,3,3,1,4,1,1,2,
בקעות,,,,,,,,4,,1,1
בר גיורא,,1,,,2,1,1,3,1,3,1
בר יוחאי,1,,1,2,4,,1,3,1,3,3
ברור חיל,1,,1,1,2,4,,2,2,1,2
ברוש,,1,4,1,1,1,3,,1,2,1
ברכה,,,1,,,1,,,1,1,2
ברכיה,,,3,,2,2,1,5,2,2,2
ברעם,1,,1,,1,,1,1,3,,2
ברק,1,,3,1,,1,1,4,2,2,1
ברקאי,,,,1,,,2,,1,,
ברקן,5,8,10,6,5,4,,7,6,3,8
ברקת,1,3,3,5,3,1,1,5,3,2,3
בת הדר,,,,3,,,,1,2,,4
בת חן,,,,,,1,,,,,2
בת חפר,9,8,17,9,16,16,19,16,18,10,8
בת ים,200,223,292,293,308,321,282,298,285,276,215
בת עין,,,,,2,1,2,1,4,2,5
בת שלמה,,1,1,2,1,,,1,1,,1
גאולי תימן,,,,,,,,,,,2
גאולים,1,2,7,5,1,4,2,7,2,3,3
גאליה,4,,3,3,5,2,2,,3,3,2
גבולות,,,,,,,,,,,
גבים,1,2,,,,,,1,2,1,
גבע,,,,1,2,,6,2,1,,
גבע בנימין,4,12,8,6,10,7,15,16,14,20,14
גבע כרמל,,,1,2,2,4,3,4,2,1,1
גבעולים,,,1,2,2,,,2,,,1
גבעון החדשה,2,3,1,5,8,3,2,5,1,4,3
גבעות בר,,,,,,,,,1,1,
גבעת אבני,3,4,2,3,1,5,3,4,4,4,5
גבעת אלה,,2,4,3,2,4,2,2,4,3,1
גבעת ברנר,4,3,4,3,1,2,3,3,3,5,4
גבעת השלושה,2,,,,1,,2,4,3,3,2
גבעת זאב,16,29,35,23,23,29,20,37,34,32,45
"גבעת ח""ן",1,,1,,,,,,,,1
גבעת חיים (איחוד),,1,,1,2,,1,1,2,,1
גבעת חיים (מאוחד),,1,3,2,3,,2,,1,,1
גבעת יואב,1,,3,1,1,,3,6,,1,1
גבעת יערים,,1,,5,4,1,4,1,2,3,2
גבעת ישעיהו,,2,2,,3,3,3,,1,1,
"גבעת כ""ח",1,,,4,2,,2,2,4,3,4
"גבעת ניל""י",1,,,,4,,,,,2,
גבעת עדה,,1,,,3,1,,,1,,1
גבעת עוז,,,,,,1,,1,,2,
גבעת שמואל,21,33,28,50,34,45,49,54,40,57,36
גבעת שמש,,,,,,,,,,,1
גבעת שפירא,,1,1,,,,1,2,,,1
גבעתי,,,,2,2,1,3,2,1,3,1
גבעתיים,80,102,122,118,142,99,108,125,131,97,80
גברעם,,2,,1,1,,2,,,2,2
גבת,1,,3,2,2,2,1,4,1,1,4
גדות,,2,,1,,,,,,,
גדיש,,,1,1,,1,,,3,,
גדעונה,2,2,1,,,,,,2,2,1
גדרה,35,43,50,58,42,49,42,57,60,59,34
גונן,,,,2,2,,,,2,,2
גורן,,,1,,1,1,,2,1,,
גורנות הגליל,,,,,,,,,1,,
גזית,,1,,,,1,,,,2,1
גזר,1,,,,,1,1,1,,,
גיאה,,1,1,1,3,1,2,2,2,2,
גיבתון,,,,,,,,,,1,
גיזו,,,,,,,1,,,,
גילון,1,2,1,1,4,2,2,1,6,2,5
גילת,4,,4,,,1,2,1,2,,3
גינוסר,,,1,,,,1,1,2,,
גיניגר,,,,,,1,,1,1,2,
גינתון,1,,1,3,4,1,9,1,3,3,1
גיתה,,,,,1,1,1,,,,
גיתית,1,,,,,,,1,,1,
גלאון,,,,2,,2,,1,,1,
גלגל,,,,3,2,,,2,,,1
גליל ים,,,1,,1,1,2,1,,,1
גלעד (אבן יצחק),,,,,,,3,,,2,
גמזו,,1,1,1,1,3,1,,2,,1
גן הדרום,,,1,,2,2,,,3,,1
גן השומרון,,,3,3,2,,1,1,1,,2
גן חיים,,,1,1,1,1,6,1,1,1,1
גן יאשיה,,1,,,2,1,,1,1,,1
גן יבנה,22,35,29,42,39,47,51,50,45,45,52
גן נר,3,4,6,10,3,5,4,5,5,2,5
גן שורק,,,1,2,,,,,1,,
גן שלמה,,,,4,1,1,1,,1,,
גן שמואל,1,2,2,3,1,2,,,1,2,3
גנות,,,2,1,,2,2,,2,,3
גנות הדר,1,1,2,1,,1,3,1,2,4,
גני הדר,,,,,,3,,,,1,
גני יוחנן,2,,3,2,2,2,2,1,,3,3
גני עם,1,,,,,,,,,1,
גני תקווה,4,6,5,2,13,25,31,31,31,33,34
געש,1,,1,,1,1,1,4,1,,
געתון,,,,,2,,1,2,,,2
גפן,,,1,,1,,1,2,2,1,2
גרופית,,,2,,1,1,1,1,,,
גשור,,,,1,2,,,,2,,2
גשר,,,2,5,1,1,,,1,1,
גשר הזיו,1,1,1,1,1,6,3,3,2,,2
גת (קיבוץ),,,1,,,,1,1,,1,1
גת רימון,2,,,,,,3,1,1,1,
דאלית אל-כרמל,,,,,,,1,,,,
דבורה,,,1,1,1,1,1,1,1,3,
דבירה,,,,,,,1,1,4,,1
דברת,,,,,1,,,,1,,
דגניה א',,,,1,2,,1,,2,,1
דגניה ב',,2,1,1,1,1,,2,3,,1
"דוב""ב",,,3,,1,,,1,1,,1
דולב,,2,1,,,2,,1,,3,1
דור,,1,,,1,2,2,1,,1,
דורות,,,1,,1,1,3,,,,
דימונה,62,88,80,78,76,88,75,82,85,72,73
דישון,,,,1,1,1,,1,1,1,
דליה,,,1,3,4,1,2,2,1,,1
דלתון,,2,2,,5,,,4,,,2
דן,,,1,2,1,,,,1,,
דפנה,,,2,1,2,,1,,,,
דקל,1,1,,2,,1,2,,1,1,1
האון,,1,,,,,,,,,
הבונים,1,,,3,,1,,,,1,1
הגושרים,,,,1,,1,2,,2,,
הדר עם,,,,3,,,,1,1,1,1
הוד השרון,74,95,87,92,91,111,135,134,116,115,123
הודיה,,,6,2,1,3,1,2,5,,1
הודיות,,,,,,,,,,,1
הושעיה,,,1,,2,3,,3,1,,2
הזורע,,,,1,1,5,2,1,2,1,
הזורעים,,1,,5,,,,2,,,1
החותרים,1,,1,,1,,3,3,1,2,
היוגב,,1,,,2,3,,2,,,
הילה,,,1,1,1,1,2,2,3,3,1
המעפיל,,,4,1,,3,3,2,2,2,
הסוללים,2,,2,1,,3,2,,1,2,2
העוגן,,,,,,1,,1,1,3,3
הר אדר,7,1,12,3,4,6,8,7,9,9,4
הר גילה,,,,,1,1,3,2,3,3,5
הר עמשא,,,,1,,,,,,,
הראל,,,,1,,,,,1,,
הרדוף,,,2,,,2,,,1,1,2
הרצליה,136,234,206,252,209,201,186,180,202,190,204
הררית,,,,,,,2,,1,2,
ורד יריחו,,2,3,,,,1,,1,,7
ורדון,1,,,,,1,,,1,,1
זבדיאל,1,2,,,1,3,,2,3,1,
זוהר,2,1,3,1,1,,,2,2,1,3
זיקים,,,,3,,3,,,2,3,1
זיתן,2,2,,5,8,4,1,1,1,,1
זכרון יעקב,24,29,32,40,49,48,41,43,58,47,35
זכריה,,3,2,,2,3,5,2,1,1,5
זמרת,,,,,1,1,2,1,,1,1
זנוח,,,1,,1,,2,,2,,2
זרועה,,1,1,2,2,2,,1,,,1
זרחיה,,,,1,2,3,,,2,1,1
חבצלת השרון,3,1,1,,,1,1,2,2,,2
חבר,,,3,1,,5,1,2,1,1,1
חברון,,2,,1,,,,2,1,1,
חגור,2,,5,,3,4,5,1,1,7,2
חגי,,,,,,,,,,,1
חגלה,,,1,,1,2,1,1,1,1,1
חדיד,,,,2,4,,1,1,2,1,1
חד-נס,,1,,1,1,1,,4,,5,2
חדרה,126,157,216,226,167,169,174,170,224,225,200
חולדה,,1,1,2,2,2,,1,,1,2
חולון,302,367,411,481,432,447,368,391,392,359,436
חולית,,,,2,,,1,1,,,
חולתה,,,,,1,2,1,,,,
חוסן,2,1,3,1,,3,3,2,6,2,5
חופית,2,1,4,2,,4,,3,2,3,2
חוקוק,,,,1,,1,,,,,
חורשים,,1,1,1,,,2,,,1,2
חזון,,,1,,,2,1,,3,,1
חיבת ציון,,1,1,,1,2,,1,1,3,3
חיננית,,,1,,2,,1,,1,2,
חיפה,341,473,585,698,639,648,654,664,780,666,580
חירות,,,,,,3,1,1,5,2,
חלוץ,,2,,,1,,2,1,3,,1
חלמיש,1,1,1,5,1,2,1,2,1,1,3
חלץ,1,,,,,2,3,1,2,,1
חמד,,,,,,,2,1,,1,1
חמדיה,,,,,3,,,1,,,
חניאל,,2,,2,4,1,3,1,2,1,2
חניתה,,1,1,1,2,1,,,1,,
חנתון,,,,1,,,,1,2,,
חספין,,,,,,,3,,2,3,1
חפץ חיים,,2,,,,,,1,,,4
חפצי-בה,,1,,1,,1,1,,,,1
חצב,1,1,2,1,4,2,2,3,2,1,1
חצבה,1,1,,1,,,,1,,1,2
חצור הגלילית,14,22,17,17,14,25,38,23,22,18,15
חצור-אשדוד,1,,,,1,1,,1,,,1
חצרות חולדה,,1,,,,,,,,,
חצרים,,1,1,,4,2,4,4,2,3,1
חרב לאת,1,,1,3,,1,2,2,1,,1
חרוצים,1,1,1,2,2,1,2,2,1,1,2
חרמש,1,,2,,1,,,,,,
חרשים,,,1,,1,,,,,1,1
חשמונאים,1,4,2,14,16,5,9,11,8,10,7
טבריה,99,103,99,82,112,103,95,102,103,105,101
טירת יהודה,1,,1,,1,,1,4,1,3,2
טירת כרמל,27,34,50,46,58,55,74,43,58,60,46
טירת צבי,,,,,,,,,1,,
טל שחר,4,2,1,2,1,2,,3,1,3,1
טל-אל,,,2,3,2,1,2,1,2,2,3
טללים,,1,3,1,,,,,2,,
טלמון,,,,1,,2,,1,3,1,2
טנא,,,2,,2,2,1,1,,1,
טפחות,,,,,,1,,,,,
יבול,,,,,1,,,2,3,,2
יבנאל,14,12,3,6,3,11,8,11,9,6,9
יבנה,61,94,77,83,86,67,100,84,69,84,101
יגור,,1,,3,1,3,1,,2,3,2
יגל,2,1,4,2,7,2,9,4,3,,2
יד בנימין,,,,1,,4,2,1,5,1,1
יד חנה,,,2,,,3,,1,4,3,2
יד מרדכי,2,,1,,2,1,1,,1,3,
יד נתן,,,3,,2,3,,2,1,2,1
"יד רמב""ם",,,,3,1,,3,4,,2,3
יהוד-מונוסון,2,11,17,24,4,53,77,83,60,64,77
יהל,,1,1,,1,2,,,,3,1
יובל,,,,,,2,,,,1,1
יובלים,,1,1,2,3,,3,6,2,2,1
יודפת,1,,,1,2,2,,1,2,,1
יונתן,,,,,,,1,1,,3,
יושיביה,,,3,,1,,1,,,,2
יזרעאל,,,1,,,,1,,,1,
יחיעם,,2,2,,,1,,,2,,1
יטבתה,1,1,2,,2,1,,,,,1
יכיני,,,2,,5,1,,1,1,1,4
ינוב,,2,2,2,2,8,4,3,1,,1
ינון,2,5,5,1,2,1,4,3,,1,4
יסוד המעלה,1,1,1,2,5,3,1,1,7,3,6
יסודות,,,,,,,4,1,1,,
יסעור,,,1,,1,2,1,,,,3
יעד,,,1,,,1,2,,,2,2
יעף,,,,1,,,,1,,,
יערה,,,,,1,,2,2,,2,1
יפית,,,1,,1,1,,1,2,,
יפעת,,,2,3,3,1,1,1,1,1,2
יפתח,,1,,,,,2,1,1,,
יצהר,,,,,,,,,3,3,1
יציץ,1,,2,1,1,2,3,3,,1,4
יקום,,1,1,,1,2,,1,1,1,
יקיר,,,,,,5,3,4,3,,2
יקנעם (מושבה),,,1,,1,5,2,2,4,2,2
יקנעם עילית,18,16,6,14,9,28,41,56,43,54,38
יראון,1,,,,,1,1,,1,,
ירדנה,,,1,2,1,2,,,1,1,
ירוחם,12,24,15,21,12,21,21,17,13,12,16
ירושלים,570,783,835,978,"1,011",961,"1,200","1,032","1,010",968,890
ירחיב,1,2,1,11,2,5,2,3,6,2,8
ירקונה,,1,2,,1,,,2,,1,
ישע,,1,,,,,,2,1,3,2
ישעי,2,,5,2,2,,1,,3,2,2
ישרש,,3,3,9,2,1,2,1,3,2,6
יתד,,,,,1,,,1,1,2,2
כברי,2,,,3,,1,2,1,1,2,
כדיתה,,,,,,,,2,,,
כוכב השחר,,,1,1,1,2,3,4,3,1,1
כוכב יאיר צור יגאל,,1,1,2,3,7,16,17,11,14,16
כוכב יעקב,4,8,6,9,9,6,14,13,9,16,15
כוכב מיכאל,,1,2,3,,,2,3,2,3,
כורזים,,1,4,1,,1,1,,,1,
כחל,,,,1,,1,1,1,,1,2
כיסופים,,,,,,,,,1,,
כליל,1,,1,,,,,1,,2,1
כלנית,,,,1,,3,,,,,
כמהין,,,,,1,1,,,,1,
כמון,,,1,2,1,3,,,1,1,4
כנף,1,,1,,,1,,1,,2,2
כנרת (מושבה),,1,2,1,1,,1,,2,1,1
כנרת (קבוצה),,1,,3,,,,1,1,,
כסלון,,,,1,2,,,2,2,2,
כפר אביב,,1,2,2,5,2,2,4,1,2,
כפר אדומים,4,1,2,4,3,4,3,5,6,4,7
כפר אוריה,,1,1,1,,2,2,1,2,3,1
כפר אחים,1,1,,,,6,2,2,1,,2
כפר ביאליק,,,1,,1,1,,2,3,1,
"כפר ביל""ו",1,2,2,2,1,3,,6,1,2,1
כפר בלום,2,,,,,1,,,,1,
כפר בן נון,2,,1,1,3,,1,,,1,2
כפר ברוך,,,4,1,1,1,2,2,1,,4
כפר גדעון,1,,,,1,1,,1,,,
כפר גלים,,,,,,,,1,1,,
כפר גליקסון,,,1,1,,1,,,3,1,
כפר גלעדי,1,1,,1,2,,,4,,2,
כפר דניאל,,2,2,1,1,2,,,,1,1
כפר האורנים,,,,,1,2,5,2,6,2,10
כפר החורש,,,,1,,,,,1,,
כפר המכבי,,,,,,1,1,1,2,,1
כפר הנגיד,1,5,5,2,4,3,3,2,1,2,3
כפר הנוער הדתי,,,,,,,,,,1,
כפר הנשיא,,,,,,,5,,2,2,
כפר הס,2,1,4,2,2,4,,,,3,1
"כפר הרא""ה",1,,1,1,,,5,2,1,1,
"כפר הרי""ף",2,1,1,3,1,2,2,4,1,2,1
כפר ויתקין,2,5,5,2,3,4,5,7,3,,3
כפר ורבורג,3,,1,3,3,3,4,2,1,1,1
כפר ורדים,4,5,6,9,6,19,13,15,12,15,12
כפר זוהרים,,,,,,,,,,1,
כפר זיתים,1,1,,3,,1,4,,1,2,1
"כפר חב""ד",1,3,8,4,3,4,6,4,5,6,3
כפר חושן,,,,,1,6,,,2,1,5
כפר חיטים,,,,,,,,,2,2,2
כפר חיים,,,1,,1,,1,,2,1,1
כפר חנניה,,,3,,2,1,,3,,1,3
כפר חסידים א',1,1,,,2,2,2,3,1,,2
כפר חסידים ב',1,,1,,,,1,,,1,1
כפר חרוב,,,1,,1,,1,1,,,
כפר טרומן,1,,,1,1,,5,2,1,6,1
כפר ידידיה,2,2,1,,,,1,1,3,3,2
כפר יהושע,,3,,,2,,2,2,1,1,2
כפר יונה,27,23,44,43,62,46,47,51,29,51,43
כפר יחזקאל,,1,2,,,1,2,2,4,2,2
כפר יעבץ,2,1,2,1,1,1,1,2,1,1,3
כפר מונש,1,2,1,2,3,2,2,2,1,,
כפר מימון,,,,1,,,1,,1,,
"כפר מל""ל",1,,,2,,,,2,,,1
כפר מנחם,,1,,1,,2,3,,1,1,
כפר מסריק,,,3,,,,1,,,,
כפר מרדכי,1,2,2,3,1,,1,1,1,,
כפר נטר,1,6,,2,3,6,,3,1,1,1
כפר סאלד,,,2,1,,1,1,,1,,1
כפר סבא,126,166,178,193,196,190,215,191,200,185,180
כפר סילבר,,,,,,,,,1,,
כפר סירקין,1,,9,3,1,1,2,6,2,5,2
כפר עזה,,1,4,,,2,1,1,3,1,1
כפר עציון,,,2,1,,,,,,,
כפר פינס,,,1,1,,,2,,,1,
כפר קיש,,,1,,,,,3,,,1
כפר ראש הנקרה,,1,2,2,,2,3,2,1,1,1
כפר רוזנואלד (זרעית),,,,,,,,,2,,
כפר רופין,,,1,,,1,,,,,
כפר רות,,,2,3,3,,,,1,2,1
כפר שמאי,1,1,,,1,,1,1,,1,2
כפר שמואל,,2,2,1,,,3,2,6,1,
כפר שמריהו,1,2,2,4,4,11,6,6,2,1,6
כפר תבור,3,4,3,4,9,8,11,5,5,12,9
כפר תפוח,2,,3,1,,3,1,1,1,2,2
כרכום,,3,2,2,,,1,,,1,
כרם בן זמרה,,1,,,,2,,1,,1,2
כרם יבנה (ישיבה),,,,,,,,1,,,
"כרם מהר""ל",,1,3,3,1,2,2,1,1,4,
כרם שלום,,,,,,,,,,,2
כרמי יוסף,,2,4,1,3,6,6,1,1,5,4
כרמי צור,,,,,,1,,,,,
כרמיאל,50,84,95,94,92,82,90,69,91,85,73
כרמיה,,2,1,2,1,,4,1,2,3,3
כרמים,,,,,,,,1,,,
כרמל,,,1,,,2,,1,,,
לא רשום,"3,459","3,634","2,719","2,782","2,520",636,25,7,10,2,4
לבון,,,,,,1,,2,2,2,1
לביא,,1,,,,1,,,1,,
לבנים,,,,,1,1,1,1,1,,
להב,,1,,1,,1,1,,2,2,1
להבות הבשן,,1,1,1,2,,1,2,,4,2
להבות חביבה,,,,,,4,,,,1,2
להבים,4,3,6,21,6,13,13,5,8,8,8
לוד,95,119,137,116,140,116,88,105,103,109,105
לוזית,,,,2,,2,2,1,,1,
לוחמי הגיטאות,,1,,,,,1,3,5,4,11
לוטם,,1,1,3,,,3,1,,,1
לוטן,,,,,,1,,,,,
לימן,,2,1,3,2,3,4,4,3,2,3
לכיש,,,,,,1,,3,,1,
לפיד,2,2,2,2,8,4,7,6,4,3,3
לפידות,,,,,,,,,2,1,
מ.א. חוף הכרמל,,,,,,,,3,2,1,3
מאור,1,1,,2,1,9,3,4,2,2,1
מאיר שפיה,1,,,,,,,,1,,1
מבוא ביתר,1,,1,2,3,1,,,1,,3
מבוא דותן,1,,,,,,,1,3,1,
מבוא חורון,1,,,1,,,,1,1,,2
מבוא חמה,,,,,1,,1,,1,,1
מבוא מודיעים,1,1,,,,1,1,,,,
מבועים,1,1,2,4,3,,5,4,4,4,2
מבטחים,,1,,1,1,2,1,,4,,
מבקיעים,,,2,,1,,2,2,,3,
מבשרת ציון,30,37,56,40,53,59,45,75,47,45,56
מגאר,,,,,,,1,,,,
מגדים,,1,3,5,2,2,1,3,1,3,6
מגדל,3,5,4,5,5,2,1,5,2,3,10
מגדל העמק,37,39,68,74,58,58,53,63,68,73,55
מגדל עוז,,1,,,,,,,2,,
מגדלים,,,,,,,1,,1,,
מגידו,,1,1,1,2,,1,,,1,2
מגל,,,1,,4,,2,3,2,1,3
מגן,,,3,,1,,,1,1,,2
מגן שאול,,,,2,,1,4,1,,,1
מגשימים,,1,1,1,1,1,2,3,1,3,1
מדרך עוז,1,1,,,1,,3,2,2,3,4
מדרשת בן גוריון,,1,1,1,,,3,2,,2,
מודיעין עילית,13,13,13,14,23,32,42,38,40,57,42
מודיעין-מכבים-רעות,17,57,119,145,136,168,162,159,161,147,151
מולדת,,1,4,1,1,1,1,,2,,
מוצא עילית,2,,,,2,1,2,,1,,2
מורן,,,2,,1,2,1,,1,,2
מורשת,,,2,,,,,,1,,
מזור,3,1,1,,1,4,3,3,2,4,3
מזכרת בתיה,2,11,25,13,18,23,19,21,24,27,40
מזרע,,,,1,1,,2,,1,2,1
מחולה,,,,,1,,,,1,,
מחנה טלי,,,,,,,,,,2,
מחנה יוכבד,,,,,,,,,,,
מחנה יפה,,,,,,,1,1,1,,
מחנה מרים,,,,,,1,,1,,,
מחנה עדי,,,,,,,,,,1,
מחנה תל נוף,,,,,,1,,,,1,2
מחניים,,,,,,,2,,1,,2
מחסיה,1,,3,,,,1,3,1,1,3
מטולה,3,4,6,4,2,2,4,3,4,6,5
מטע,,,3,1,2,2,3,1,2,2,2
מי עמי,,1,,,1,1,1,,,,2
מיטב,,,1,3,1,3,2,1,3,,1
מיצר,,,,,,,,,,,2
מירון,,1,2,6,1,4,4,2,1,3,3
מישר,,,1,,2,,,2,,1,1
מיתר,18,11,14,13,12,14,18,13,13,11,13
מכורה,1,,,2,1,,1,,,2,
מכמורת,1,3,2,2,4,1,4,2,2,2,
מכמנים,,,1,,,,,,1,,1
מלאה,,1,,,3,,3,2,,2,1
מלילות,,2,1,,3,1,3,1,,,2
מלכיה,,,1,1,2,,1,2,,,2
מלכישוע,,,1,,,,,,,,
מנוחה,,,2,3,,,2,1,2,,1
מנוף,1,,,,2,,1,1,1,,4
מנות,1,,1,4,,3,1,1,,1,
מנחמיה,6,3,,2,6,1,1,1,3,2,5
מנרה,,,1,,,,,,1,,
מסד,,,,1,,1,2,,2,,1
מסדה,,,,2,2,1,1,,,2,
מסילות,,1,2,,,,,2,1,,
מסילת ציון,2,3,2,,,2,,2,1,3,1
מסלול,2,,2,3,3,1,,1,1,2,3
מעברות,,,4,2,4,,3,1,1,3,1
מעגלים,,1,1,4,2,,4,,1,,4
מעגן,,,1,1,2,2,2,,,,
מעגן מיכאל,2,2,3,3,1,1,1,2,2,2,1
מעוז חיים,1,,1,1,1,,,,2,,
מעון,,2,,1,,,,,,,1
מעונה,2,,2,6,2,2,,2,1,2,4
מעין ברוך,,1,,,1,,1,1,,1,
מעין צבי,,,,,1,1,,,2,,1
מעלה אדומים,39,65,78,68,86,71,85,90,101,91,82
מעלה אפרים,1,1,2,1,5,2,3,2,6,2,3
מעלה גלבוע,,,,,,,,,,,2
מעלה גמלא,,,,,,1,1,,,1,1
מעלה החמישה,,,,,,,1,,,,1
מעלה לבונה,1,,,2,,,1,2,,,
מעלה מכמש,,,2,,1,2,1,2,,1,
מעלה עמוס,1,,1,,,,1,2,,1,1
מעלה שומרון,,,2,3,,2,2,1,2,4,2
מעלות-תרשיחא,5,13,39,30,39,35,30,26,20,35,28
מענית,,1,1,2,4,,2,3,1,3,
מעש,,1,2,3,2,1,4,6,7,3,1
מפלסים,1,,2,,5,,1,2,3,1,3
מצדות יהודה,,,,,,,,1,,,
מצובה,,,4,2,,,1,1,1,,6
מצליח,,3,3,6,1,,4,6,2,2,5
מצפה,,,,,7,1,,1,,,
"מצפה אבי""ב",,,,4,2,1,1,1,1,3,
מצפה יריחו,,2,4,2,2,1,2,3,8,,3
מצפה נטופה,,,,,1,1,,1,,,
מצפה רמון,8,8,8,12,12,11,5,4,11,9,11
מצפה שלם,,,,1,3,1,1,,,,
מצר,,,,1,,,2,1,1,,
מקווה ישראל,,,,,,,1,1,,,
מרגליות,,,,,1,,1,1,3,2,1
מרום גולן,,,,,,,1,4,,,
מרחביה (מושב),,1,,,7,2,,,,2,1
מרחביה (קיבוץ),,,,,,1,,1,4,,2
מרכז שפירא,1,,2,2,1,1,1,1,2,1,1
משאבי שדה,,,2,,1,,,4,,1,
משגב דב,,,2,1,2,2,,2,1,,1
משגב עם,,1,,1,,,,,1,,
משואה,1,,1,1,,,,,1,,1
משואות יצחק,,,,,,,,,1,1,1
משמר איילון,,1,1,1,,,2,2,1,1,3
משמר דוד,,,,,,1,,,,,
משמר הירדן,,,1,3,1,3,4,1,2,1,2
משמר הנגב,2,1,,2,,,2,2,2,2,1
משמר העמק,2,,2,2,,,,,,,1
משמר השבעה,1,1,2,3,3,3,1,3,3,2,
משמר השרון,,1,1,1,1,,1,1,1,1,
משמרות,,,,2,3,,2,1,,3,2
משמרת,,,3,2,1,4,1,,5,3,
משען,1,,,2,1,4,,3,4,,3
מתן,4,6,9,9,5,14,3,5,8,5,3
מתת,,,,,1,,,,,,
מתתיהו,,,,1,,1,,,,,
נאות גולן,,,,,,,2,1,1,2,1
נאות הכיכר,,,,,,,1,,,1,
נאות מרדכי,,,,3,1,1,,1,1,,2
נאות סמדר,,,1,1,,,,,1,,2
נאעורה,,,,,,,,,,,
נבטים,1,,1,2,1,3,,2,,1,1
נגבה,,,2,2,1,,,1,3,,
נהורה,,,1,2,9,4,1,4,4,2,5
נהלל,,5,,2,1,1,3,,1,,
נהרייה,20,25,21,22,31,101,138,115,130,119,134
נוב,,,,,,2,,,2,1,1
נוגה,,,,,,1,1,1,3,1,2
נוה,,,,,,,,,,,1
נווה אור,,,1,,,1,,,,3,
נווה אילן,,3,1,1,2,,6,1,2,2,2
נווה איתן,,,,1,,,1,,1,1,
נווה דניאל,,3,1,2,3,3,,1,2,3,2
נווה זוהר,,,,,2,,,1,,1,
נווה זיו,1,,3,1,1,7,,,1,,
נווה חריף,,,,,,,,,,1,
נווה ים,,,2,,1,1,,1,,1,
נווה ימין,,2,4,6,1,6,6,7,7,9,9
נווה ירק,1,1,2,2,4,6,2,4,5,4,2
נווה מבטח,,1,1,2,1,1,,2,1,2,
נווה מיכאל,1,,1,2,1,2,1,,1,,
נועם,,1,,,,1,,,1,1,
נוף איילון,1,1,1,1,,1,5,1,2,,
נופים,,1,2,2,4,3,3,,,1,3
נופית,3,2,4,1,4,6,5,5,4,4,6
נופך,1,1,,,3,1,2,,3,1,2
נוקדים,,2,,1,2,,1,2,4,,1
נורדיה,5,2,2,1,1,3,2,3,,1,7
נחושה,,,,1,,1,,,1,1,
נחל עוז,,,,,,,3,2,,2,
נחלה,,,3,2,,5,2,1,1,1,
נחליאל,,,,,6,1,,2,,,
נחלים,,4,,2,,5,,1,1,5,3
נחם,,,,,,2,2,1,1,1,2
נחשולים,,,1,1,1,1,2,1,2,,2
נחשון,,,,,1,1,,,1,2,1
נחשונים,1,1,,2,3,3,1,,,1,
נטועה,1,1,1,,2,2,,1,1,1,1
נטור,,,,,,,,,,1,
נטעים,,3,1,,1,1,1,2,3,2,4
נטף,,,1,1,,1,1,1,1,,
"ניל""י",,,,,,4,1,3,3,1,1
ניצן,2,,,5,3,4,1,1,4,2,2
ניצן ב',1,,3,,3,2,7,5,8,2,1
ניצנה (קהילת חינוך),,,,,,,1,,,,
ניצני סיני,,,,1,,1,1,,,,
ניצני עוז,1,,6,,2,2,,10,2,1,1
ניצנים,1,1,2,3,1,1,,1,,,1
ניר אליהו,,,,,,,1,1,1,,
ניר בנים,1,1,1,,2,,,1,1,,2
ניר גלים,,,,,1,,,,,,1
ניר דוד (תל עמל),,,,,,2,1,,,1,1
"ניר ח""ן",,,1,1,1,2,,3,1,2,1
ניר יפה,,,,,1,,1,2,1,3,
ניר יצחק,,,1,,1,,2,1,,,1
ניר ישראל,,1,1,,,2,,1,2,4,2
ניר משה,,,2,1,2,,1,1,2,4,
ניר עוז,1,,1,,,2,1,1,,,
ניר עם,,1,1,,,1,,,,,1
ניר עציון,,,,,1,2,,1,1,1,
ניר עקיבא,3,1,,1,1,1,,2,1,,1
ניר צבי,,,3,3,3,4,2,3,4,2,2
נירים,,1,1,,1,,,,,,
נירית,,,,1,,1,,3,4,1,4
נירן,,,,,,,1,,1,,
נס הרים,,,1,,6,1,2,2,9,,2
נס ציונה,23,43,43,70,90,70,88,84,87,93,92
נעורים,,2,,1,,1,,,,,
נעלה,3,2,1,,1,3,,1,3,2,4
"נעמ""ה",,,,,,,1,,,,1
נען,,2,,3,1,2,1,3,,4,1
נצר סרני,,3,,,,3,2,,,2,
נצרת,,5,2,2,,,2,,,,
נצרת עילית,35,50,14,8,9,37,65,55,66,45,41
נשר,30,53,59,56,61,66,71,52,40,68,50
נתיב הגדוד,,,,,,,1,5,,,
"נתיב הל""ה",,,1,4,,,1,2,1,1,1
נתיב העשרה,,1,1,1,3,4,,1,1,,1
נתיב השיירה,,,,,,,,3,1,2,
נתיבות,56,49,51,69,53,58,62,59,60,55,55
נתניה,331,419,380,411,417,432,427,435,465,460,424
סאסא,,,,,,,,,,,
סביון,8,6,13,9,8,6,11,4,6,8,6
סגולה,1,2,4,,2,5,,,2,1,
סוסיה,,,1,,2,2,1,2,2,1,
סופה,,,1,,1,1,,,,,2
סלעית,,,2,2,1,1,2,1,1,,
סמר,,,,1,2,,,,,,
סעד,,,,,,,,,1,1,1
סער,,,2,,1,1,1,1,,1,3
ספיר,,3,1,,2,2,1,2,,,1
סתריה,,3,1,1,6,1,2,,5,2,3
עבדון,,1,1,,,1,1,,3,,
עברון,1,,,2,2,,,1,1,1,
עגור,,1,,2,1,,2,,,,1
עדי,,2,4,2,3,3,3,,7,2,6
עדנים,,,,,,2,1,,1,,1
עוזה,1,,2,,3,2,1,1,2,1,
עולש,,3,4,1,1,3,3,3,1,2,3
עומר,6,17,12,4,13,20,9,19,17,17,16
עופר,,,2,,2,1,,2,1,,4
עופרה,1,2,1,5,2,3,3,,1,6,3
עופרים,1,,2,3,,,,1,,,
עוצם,,1,,1,,1,1,7,5,2,4
עזוז,,,,,,,,,1,,
עזר,,2,,,3,,,2,4,3,3
עזריאל,,,3,1,5,,1,3,,4,1
עזריה,1,,,1,1,3,4,3,2,3,2
עזריקם,2,,3,4,1,4,2,1,2,2,5
עטרת,,,4,,1,1,,,,,
עידן,,,,,,,1,,,1,
עיילבון,,,,,,,,1,,1,
עין איילה,1,,,,,5,2,3,5,1,3
עין גב,,,,3,3,,,1,1,2,
עין גדי,,1,,7,2,2,,,1,,
עין דור,1,,,,,,1,,1,1,2
עין הבשור,,,5,1,1,1,2,1,3,,4
עין הוד,,2,3,,,,,2,,1,
עין החורש,1,1,,,,,1,,1,2,
עין המפרץ,,1,,1,1,2,1,2,3,,1
"עין הנצי""ב",,,1,,1,,,,,1,1
עין העמק,,,5,2,4,4,1,2,3,,1
עין השופט,,1,,1,,1,1,,1,,
עין השלושה,,,,1,,1,1,3,,,1
עין ורד,,2,2,1,3,3,3,1,5,4,2
עין זיוון,,,,,,,,,1,2,
עין חרוד (איחוד),,,,,,,2,3,1,,2
עין חרוד (מאוחד),,,2,,1,,3,,1,2,
עין יהב,,,,,,,1,1,1,,2
עין יעקב,,2,1,,8,1,1,6,2,3,4
עין כרמל,,1,,1,,1,1,2,,,1
עין עירון,2,1,2,1,2,2,1,2,1,,1
עין צורים,,,,,3,2,1,,,2,
עין שמר,,,2,2,1,2,2,,2,1,
עין שריד,2,4,2,3,2,4,3,5,3,5,6
עין תמר,1,,,,,2,,,,1,
עינת,,,1,1,2,,1,1,1,5,1
עכו,80,98,98,88,81,104,99,79,108,87,88
עלומים,,,,1,,,,,1,,
עלי,4,4,2,4,9,4,,1,7,4,3
עלי זהב,1,1,4,8,8,2,2,2,2,,1
עלמה,,,,,3,,2,1,,,1
עלמון,1,1,5,1,2,1,2,2,2,2,
עמוקה,,,,,,,1,1,,,1
עמינדב,1,2,1,2,2,,5,2,2,,
עמיעד,,,1,,,2,,,,1,2
עמיעוז,,,1,,,,2,1,1,,
עמיקם,1,,,3,2,1,,,2,1,1
עמיר,,1,,1,2,2,3,1,1,,1
עמנואל,12,4,20,7,19,18,9,9,18,8,7
עמקה,,,,,1,2,1,3,2,1,1
ענב,,,,1,,,,1,,,1
עספיא,,,,,,,1,,,,1
עפולה,66,70,106,112,120,84,91,86,134,112,89
עץ אפרים,5,1,2,7,3,1,5,2,2,1,5
עצמון-שגב,,,,,,4,,,,,3
ערד,34,40,53,46,37,49,27,36,24,28,26
ערוגות,,2,3,2,6,4,2,2,2,1,1
עשרת,,1,1,3,3,4,,2,,1,1
עתלית,16,15,16,19,14,15,22,12,19,17,21
עתניאל,,,,,,1,,,,,
פארן,,1,,,,,,,,1,
פדואל,2,,,,1,,,,,1,4
פדויים,,1,1,3,,1,,1,2,,2
פדיה,1,,1,2,2,2,,2,1,2,2
פוריה - כפר עבודה,,,1,,1,1,2,,1,1,2
פוריה - נווה עובד,,,1,2,,,5,3,1,7,5
פוריה עילית,,,,,,,1,2,,3,3
פורת,2,,6,,4,4,2,4,4,,2
פטיש,,,,1,,2,3,1,2,1,1
פלמחים,,,2,1,2,,1,,1,,1
פני חבר,,,,,,,1,,,1,
פסגות,3,,5,5,2,5,2,5,,,2
"פעמי תש""ז",,1,1,,2,1,2,,,2,
פצאל,,1,2,1,,,,1,,1,1
פקיעין חדשה,,,2,1,,,1,4,1,2,
פרדס חנה-כרכור,19,36,80,66,75,85,77,94,106,80,81
פרדסיה,5,13,14,27,10,13,14,11,11,8,10
פרוד,,,1,,,1,3,1,,1,1
פרזון,,,1,1,1,,,1,,2,1
פרי גן,,,,,,,,,,,1
פתח תקווה,89,99,75,107,142,371,447,510,445,460,497
פתחיה,,1,,2,1,4,,1,1,1,6
צאלים,,,1,1,,,,,1,,1
צביה,,,1,2,1,,1,,,1,1
צבעון,,,,,,,,,1,,
צובה,,,,2,1,,3,,2,,
צוחר,1,,,,1,4,4,,1,1,2
צופים,,,3,,,1,,8,2,4,3
צופית,2,,7,4,1,2,,1,2,1,5
צופר,,1,,,,,,1,1,,1
צוקי ים,,2,,,,,,,,,
צוקים,,,,,,,,,,,1
צור הדסה,8,5,6,7,8,1,12,11,16,9,10
צור יגאל,,,1,,,,4,,2,1,1
צור יצחק,,3,3,2,1,3,3,2,10,9,12
צור משה,3,,5,8,3,7,1,6,9,5,8
צור נתן,2,,2,,1,,2,,1,2,1
צוריאל,,,,,,2,,,1,2,1
צורית,1,,,,1,,2,3,1,3,
צורן,1,,,,2,,2,1,1,1,
ציפורי,,1,,,,,2,1,3,2,2
צלפון,3,,2,1,4,3,,1,,5,3
צפריה,,,,,1,,,,1,,
צפרירים,2,,3,,1,,1,,,,1
צפת,36,59,74,73,65,64,83,76,92,91,98
צרופה,1,,1,2,1,1,1,5,3,1,4
צרעה,,1,1,,1,2,2,1,1,,1
קבוצת יבנה,,,,,,,,2,,,1
קדומים,3,1,10,6,1,3,2,3,6,1,6
קדימה-צורן,11,2,2,3,10,47,38,40,48,43,45
קדמה,,,,1,,2,,,,,
קדמת צבי,,,,,,,,2,3,1,1
קדר,2,1,3,1,,3,,4,4,7,5
קדרון,,,4,3,8,5,3,2,1,,2
קדרים,,,1,,,,,,,1,
קוממיות,,,,,1,,,,,,
קורנית,1,1,1,,,,,2,1,2,
קטורה,,,2,1,1,1,,,1,,
קיסריה,5,10,16,17,16,24,25,12,17,8,15
קלחים,,,,,3,,1,1,3,1,2
קליה,,,,,1,1,,1,1,1,1
קלע,,,,,,,1,,,,
קציר-חריש,1,3,7,10,7,10,5,10,9,10,7
קצרין,9,16,13,9,13,18,14,11,6,12,19
קריית אונו,13,7,11,11,10,56,51,57,73,78,75
קריית ארבע,6,2,6,4,10,5,18,9,9,11,12
קריית אתא,17,30,32,35,38,92,135,124,132,130,147
קריית ביאליק,16,11,22,27,11,51,112,74,93,99,97
קריית גת,16,24,27,34,45,107,81,110,85,110,108
קריית חיים תאי דואר,,,,,,,,,,1,
קריית טבעון,3,1,4,11,4,20,27,37,26,31,27
קריית ים,9,28,21,18,24,71,92,74,90,94,75
קריית יערים,,,4,2,4,7,1,7,3,4,3
קריית מוצקין,18,12,18,22,13,64,96,91,80,82,105
קריית מלאכי,13,9,17,21,20,44,32,54,60,51,54
קריית נטפים,,,,,,,,4,,2,2
קריית ענבים,,,,,,1,,,1,1,
קריית עקרון,3,7,11,12,11,40,29,29,18,22,35
קריית שמונה,6,4,15,9,9,48,63,54,49,61,58
קרית יערים(מוסד),,,,,,1,,,,,
קרני שומרון,7,15,7,14,17,6,17,12,13,14,16
קשת,,,1,2,,,,,1,,1
ראש העין,76,100,97,115,97,120,105,146,116,94,109
ראש פינה,6,2,1,1,2,5,5,12,8,4,6
ראש צורים,,,,,1,,,,,2,
ראשון לציון,361,452,474,549,518,579,486,518,513,459,466
רבבה,,1,,,,,,1,2,1,
רבדים,,2,2,,,2,,1,,1,
רביבים,,2,1,,1,2,,,2,,
רגבה,,4,1,1,2,,,1,2,3,1
רגבים,,,,1,1,,2,2,1,1,2
רווחה,,,,1,,,4,,1,2,5
רוויה,,,,,,,,2,3,2,1
רוחמה,,,1,,,,1,1,1,,1
רועי,,,,,,,1,1,,,
רותם,,,,,,,,1,,1,
רחוב,,,1,1,1,1,4,1,,,
רחובות,190,240,272,281,257,264,252,256,234,276,266
ריחן,,,2,3,2,,,2,,,1
רימונים,1,1,1,3,3,1,3,1,3,4,1
רינתיה,1,2,2,1,2,2,3,5,4,2,2
רכסים,9,18,14,20,10,14,11,20,12,14,15
רם-און,,1,,,,1,,1,1,2,2
רמות,,,2,,2,3,1,3,1,,1
רמות השבים,2,2,1,3,,1,1,,3,4,3
רמות מאיר,,,3,,1,1,1,1,2,1,2
רמות מנשה,1,1,1,1,1,1,1,1,1,,3
רמות נפתלי,,,,,1,,2,1,1,1,1
רמלה,107,146,134,148,144,142,133,110,138,128,135
רמת גן,231,323,382,354,380,322,312,330,332,285,281
רמת דוד,1,,1,,1,,1,1,2,,
רמת הכובש,1,1,,,,1,2,1,1,1,2
רמת השופט,,1,,2,1,1,1,1,1,,1
רמת השרון,68,69,88,109,97,99,84,98,111,106,84
רמת יוחנן,,,2,1,2,1,,1,,1,1
רמת ישי,7,14,17,13,8,13,14,18,13,13,18
רמת מגשימים,,3,1,,,,,,,1,1
רמת צבי,,,2,,,,,1,,1,
רמת רזיאל,1,2,,1,1,2,1,3,2,,3
רמת רחל,,1,1,1,1,1,,,,,
רנן,2,,1,,,1,2,2,,1,
רעים,,,,,1,1,,,1,,
רעננה,132,129,155,135,153,164,175,166,150,145,160
רקפת,1,2,1,2,,2,,1,1,4,1
רשפון,,4,2,1,3,4,1,1,2,3,1
רשפים,,,2,1,,,1,,,,
רתמים,,1,,1,,1,,,2,,
שאר ישוב,,1,1,2,,4,2,2,,,1
שבי ציון,,2,1,,,4,,4,2,4,1
שבי שומרון,,3,1,1,2,3,,1,1,,
שדה אילן,,,,,,1,,2,,1,
שדה אליהו,,,,,1,1,,,,,
שדה אליעזר,,1,4,5,,2,2,4,3,4,3
שדה בוקר,,1,1,1,,2,1,,1,,
שדה דוד,1,1,,4,2,1,,2,,2,2
שדה ורבורג,2,,7,4,,6,3,6,5,1,4
שדה יואב,,,,,2,,1,,1,,
שדה יעקב,,,1,2,3,1,,1,3,,1
שדה יצחק,,,3,,3,3,4,1,,3,1
שדה משה,,2,,,,5,,,1,,1
שדה נחום,,1,,,1,3,1,3,,1,
שדה נחמיה,1,1,1,5,,1,,2,1,3,2
שדה ניצן,,,,4,,,1,,,,
שדה עוזיהו,1,1,1,,2,1,,1,2,2,1
שדה צבי,,1,2,2,1,,,3,2,1,2
שדות ים,,,2,1,1,,,1,1,,
שדות מיכה,,,2,,,5,3,4,2,1,
שדי אברהם,,,,,,,1,,,1,
שדי חמד,1,1,,2,4,2,2,3,3,2,4
שדי תרומות,,,3,,,,,1,,2,
שדמה,,,1,1,,,,1,1,,3
שדמות דבורה,,,4,1,2,1,,,3,2,1
שדמות מחולה,,,,,,,,,,1,
שדרות,32,47,45,60,64,55,48,46,58,50,46
שואבה,1,1,1,3,3,,1,1,1,1,
שובה,,,1,2,1,4,1,1,1,2,1
שובל,,,3,3,1,,1,1,,1,
שוהם,14,19,16,43,41,36,42,42,42,35,54
שומרה,,1,1,1,1,1,1,,5,5,
שומריה,,,,,,1,1,,,,1
שוקדה,,1,,1,1,1,,1,,1,1
שורש,,,,3,2,4,1,1,3,2,10
שורשים,,,,,1,,,2,,1,
שושנת העמקים (רסקו),1,,,,,,1,1,,1,1
שזור,,1,,,2,1,,1,1,1,
שחר,1,,1,1,1,,2,1,1,1,1
שיבולים,,,6,1,,,1,1,1,1,2
שילה,2,3,3,1,,2,7,4,1,4,6
שילת,1,,1,4,1,1,1,,1,2,1
שכניה,,1,4,,1,,,3,1,1,2
שלווה,,,,,,,1,,1,1,4
שלוחות,,,,1,,,1,,3,,1
שלומי,6,12,9,28,28,26,25,27,23,17,20
שמיר,2,,1,1,,,1,1,,,
שמעה,,,1,2,1,1,3,1,,1,2
שמרת,,,,1,,,,,2,1,
שמשית,,1,1,2,,2,5,5,4,6,10
שני,1,,,1,,1,,1,1,,
שניר,1,,,3,1,4,1,1,,2,1
שעל,,,1,,,1,2,2,1,,1
שעלבים,1,1,,,,1,,,,,
שער אפרים,1,3,6,2,5,5,7,5,2,6,5
שער הגולן,,,,2,1,2,1,1,,,
שער העמקים,,1,,,6,,,,1,2,
שער מנשה,,1,,,,,,,,,
שערי תקווה,5,3,18,20,11,9,20,12,12,8,13
שפיים,,1,3,1,2,3,3,1,1,2,1
שפיר,,,1,,,,,,1,1,
שפר,,,1,1,,,2,,,1,
שקד,,,1,2,2,3,2,,3,3,2
שקף,1,,,1,,,,4,2,1,3
שרונה,,1,2,,1,,,,,3,1
שריגים (לי-און),,,,,,3,1,2,1,4,3
שריד,1,1,1,3,,,2,1,1,1,
שרשרת,,,1,,,,2,,1,,2
שתולה,,,,3,,,2,1,1,,2
שתולים,3,2,5,4,4,5,6,5,3,3,2
תאשור,,,3,1,1,1,2,3,2,1,
תדהר,,,1,1,1,,,,,1,
תובל,,,,,1,,1,1,1,,1
תומר,,,2,,1,2,1,,,1,
תושיה,,,,,,,,,1,,
תימורים,,,2,2,4,,,1,1,2,3
תירוש,,,,2,2,2,1,,1,2,2
תל אביב יפו,121,165,168,187,211,836,922,901,832,826,832
תל יוסף,,,,2,,,1,1,2,2,1
תל יצחק,1,1,1,,5,,2,2,,,
תל מונד,17,23,23,21,29,29,25,26,31,33,22
תל עדשים,,,,4,1,4,3,,2,1,3
תל קציר,,2,,,,,1,1,,,
תל תאומים,,,,1,,,3,,,1,3
תלם,1,,,,3,1,2,1,,1,
תלמי אליהו,,,,1,1,,1,,,,1
תלמי אלעזר,1,,,1,,1,2,1,4,2,
"תלמי ביל""ו",,1,,2,5,2,,,,,1
תלמי יוסף,,,,,,,,,,,1
תלמי יחיאל,1,,2,,1,3,2,1,2,2,2
תלמי יפה,,,,2,,,3,2,3,,2
תלמים,,,2,2,1,,,1,1,3,3
תמרת,1,2,1,4,3,2,4,3,2,3,2
תנובות,,5,2,3,5,6,3,1,1,5,3
תעוז,,,3,,,,,1,1,,
תפרח,,3,2,1,,1,3,1,1,2,1
תקומה,,,,,3,,,,2,,
תקוע,,2,1,2,2,4,3,6,6,2,8
תרום,,1,4,3,2,3,3,,,,1
סכום כולל,"9,337","10,926","11,059","11,689","11,361","11,097","11,056","11,116","11,515","11,109","11,127"
